[
    { "alumno" : "Claudia Ramos Carrasco",  "notas"  : [ 7.5, 4.5, 5.5] },
    { "alumno" : "José Hidalgo Santos",     "notas"  : [ 9.5, 3.5,5.5]},
    { "alumno" : "Laura Aguilar Sáez",      "notas"  : [ 8.5, 9.5, 6.5 ]},
    { "alumno" : "Manuel González Benítez", "notas"  : [4.5, 2.5,5]},
    { "alumno" : "Amelia Santos Blanco",    "notas"  : [10,9,8.5]},
    { "alumno" : "Laura Aguilar Sáez",      "notas"  : [5,4, 4]},
    { "alumno" : "Ascensión Hidalgo Muñoz", "notas"  : [4,7.25,8.75]},
    { "alumno" : "Trinidad Serrano Bravo",  "notas"  : [9,6.25,10]},
    { "alumno" : "Esteban Hidalgo Sánchez", "notas"  : [3.75,4.5,3.5]},
    { "alumno" : "Jacobo Ramírez Marín",    "notas"  : [8.5,9.5,9.75]}
]